id,resort_name,country,season,season_week_num,week_label,week_start_date,week_end_date,avg_temp_max_c,avg_temp_min_c,total_snowfall_cm,avg_snow_depth_m,total_sunshine_hours,avg_sqi,peak_sqi,powder_days_count
1,Val Thorens,France,06-Jul,1,Wk 1 06/07 (Dec 01 - Dec 07),01/12/2006,07/12/2006,0.5,-7,15.9,0.37,38.6,30.58,73.6,1
2,Val Thorens,France,06-Jul,2,Wk 2 06/07 (Dec 08 - Dec 14),08/12/2006,14/12/2006,-5.3,-14.7,17.4,0.65,49.5,36.85,77.08,1
3,Val Thorens,France,06-Jul,3,Wk 3 06/07 (Dec 15 - Dec 21),15/12/2006,21/12/2006,-5.2,-11.6,4.1,0.65,51.2,30.02,33.56,0
4,Val Thorens,France,06-Jul,4,Wk 4 06/07 (Dec 22 - Dec 28),22/12/2006,28/12/2006,-5.8,-12.7,0,0.62,59.4,26.71,27.6,0
5,Val Thorens,France,06-Jul,5,Wk 5 06/07 (Dec 29 - Jan 04),29/12/2006,04/01/2007,-4.1,-10,37.5,0.78,42.4,45.21,84.44,1
6,Val Thorens,France,06-Jul,6,Wk 6 06/07 (Jan 05 - Jan 11),05/01/2007,11/01/2007,-1.4,-7.7,6.1,0.99,49.8,36.54,42.24,0
7,Val Thorens,France,06-Jul,7,Wk 7 06/07 (Jan 12 - Jan 18),12/01/2007,18/01/2007,-0.8,-9.3,4.1,0.9,47.1,33.78,39.68,0
8,Val Thorens,France,06-Jul,8,Wk 8 06/07 (Jan 19 - Jan 25),19/01/2007,25/01/2007,-3.7,-10.7,21.3,0.98,33.9,41.62,85.72,1
9,Val Thorens,France,06-Jul,9,Wk 9 06/07 (Jan 26 - Feb 01),26/01/2007,01/02/2007,-6,-14.8,0,1.1,65,34.8,37,0
10,Val Thorens,France,06-Jul,10,Wk 10 06/07 (Feb 02 - Feb 08),02/02/2007,08/02/2007,-2,-10.4,8.6,1.05,46.2,39.65,49.88,0
11,Val Thorens,France,06-Jul,11,Wk 11 06/07 (Feb 09 - Feb 15),09/02/2007,15/02/2007,-3.2,-10.5,39.4,1.28,32,59.26,90.72,1
12,Val Thorens,France,06-Jul,12,Wk 12 06/07 (Feb 16 - Feb 22),16/02/2007,22/02/2007,-0.6,-11.3,1.1,1.34,57.6,41.1,42.6,0
13,Val Thorens,France,06-Jul,13,Wk 13 06/07 (Feb 23 - Mar 01),23/02/2007,01/03/2007,-3.3,-8.2,46.2,1.43,36.9,71.46,99.96,3
14,Val Thorens,France,06-Jul,14,Wk 14 06/07 (Mar 02 - Mar 08),02/03/2007,08/03/2007,0.4,-5.9,33,1.71,51.7,60.49,99.88,1
15,Val Thorens,France,06-Jul,15,Wk 15 06/07 (Mar 09 - Mar 15),09/03/2007,15/03/2007,0.7,-8.3,3.3,1.55,77.4,43.31,56.2,0
16,Val Thorens,France,06-Jul,16,Wk 16 06/07 (Mar 16 - Mar 22),16/03/2007,22/03/2007,-3.6,-11.3,21.8,1.54,69.1,53.86,100,1
17,Val Thorens,France,06-Jul,17,Wk 17 06/07 (Mar 23 - Mar 29),23/03/2007,29/03/2007,-3.5,-11.4,9.6,1.68,72.2,50.47,59.84,0
18,Val Thorens,France,06-Jul,18,Wk 18 06/07 (Mar 30 - Apr 05),30/03/2007,05/04/2007,-0.1,-8.3,13.6,1.69,64.6,50.6,74,0
19,Val Thorens,France,06-Jul,19,Wk 19 06/07 (Apr 06 - Apr 12),06/04/2007,12/04/2007,4.2,-5.4,0,1.62,87.5,37.14,40,0
20,Val Thorens,France,06-Jul,20,Wk 20 06/07 (Apr 13 - Apr 19),13/04/2007,19/04/2007,6,-3.1,0.9,1.39,85.4,33.89,43.64,0
21,Val Thorens,France,06-Jul,21,Wk 21 06/07 (Apr 20 - Apr 26),20/04/2007,26/04/2007,7.9,-3.8,0,0.99,88.6,24.8,28.4,0
22,Val Thorens,France,06-Jul,22,Wk 22 06/07 (Apr 27 - May 03),27/04/2007,03/05/2007,7.4,-2.3,0,0.67,51.2,18.5,20.2,0
23,Val Thorens,France,07-Aug,1,Wk 1 07/08 (Dec 01 - Dec 07),01/12/2007,07/12/2007,-2.8,-8.4,49.6,0.72,43.3,49.72,87.4,2
24,Val Thorens,France,07-Aug,2,Wk 2 07/08 (Dec 08 - Dec 14),08/12/2007,14/12/2007,-7.8,-11.7,54.4,1.25,41.4,62.38,93.08,3
25,Val Thorens,France,07-Aug,3,Wk 3 07/08 (Dec 15 - Dec 21),15/12/2007,21/12/2007,-11.4,-20.6,1.1,1.22,58.9,33.49,36.96,0
26,Val Thorens,France,07-Aug,4,Wk 4 07/08 (Dec 22 - Dec 28),22/12/2007,28/12/2007,-7.1,-13.8,0.8,1.13,49.3,36.08,38.12,0
27,Val Thorens,France,07-Aug,5,Wk 5 07/08 (Dec 29 - Jan 04),29/12/2007,04/01/2008,-8.9,-15.2,6.8,1.1,44.6,36.89,46.24,0
28,Val Thorens,France,07-Aug,6,Wk 6 07/08 (Jan 05 - Jan 11),05/01/2008,11/01/2008,-3.5,-10,27.4,1.29,29.7,53.09,92.96,1
29,Val Thorens,France,07-Aug,7,Wk 7 07/08 (Jan 12 - Jan 18),12/01/2008,18/01/2008,-4.9,-9.9,34.7,1.49,36.5,59.81,93,1
30,Val Thorens,France,07-Aug,8,Wk 8 07/08 (Jan 19 - Jan 25),19/01/2008,25/01/2008,-1.1,-7.8,12,1.49,57,52.21,98.04,1
31,Val Thorens,France,07-Aug,9,Wk 9 07/08 (Jan 26 - Feb 01),26/01/2008,01/02/2008,-1.5,-8.3,1.8,1.42,55.9,43.54,46.24,0
32,Val Thorens,France,07-Aug,10,Wk 10 07/08 (Feb 02 - Feb 08),02/02/2008,08/02/2008,-4.1,-11.5,20.8,1.52,51.3,56.22,94.8,1
33,Val Thorens,France,07-Aug,11,Wk 11 07/08 (Feb 09 - Feb 15),09/02/2008,15/02/2008,-2.3,-13.5,0,1.47,68.9,44.29,45,0
34,Val Thorens,France,07-Aug,12,Wk 12 07/08 (Feb 16 - Feb 22),16/02/2008,22/02/2008,-1.1,-11.8,0,1.4,70.3,42.26,43.4,0
35,Val Thorens,France,07-Aug,13,Wk 13 07/08 (Feb 23 - Feb 29),23/02/2008,29/02/2008,2.7,-4.8,0.4,1.31,67.6,37.21,42.88,0
36,Val Thorens,France,07-Aug,14,Wk 14 07/08 (Mar 01 - Mar 07),01/03/2008,07/03/2008,-2.6,-9.4,9.7,1.25,61.2,43.01,63.32,0
37,Val Thorens,France,07-Aug,15,Wk 15 07/08 (Mar 08 - Mar 14),08/03/2008,14/03/2008,-1.7,-8.2,32.6,1.44,52.9,60.47,97.56,2
38,Val Thorens,France,07-Aug,16,Wk 16 07/08 (Mar 15 - Mar 21),15/03/2008,21/03/2008,-3.2,-9.8,36.9,1.68,61.6,59.23,95,1
39,Val Thorens,France,07-Aug,17,Wk 17 07/08 (Mar 22 - Mar 28),22/03/2008,28/03/2008,-6.7,-14.2,17.4,2.02,75.8,52.1,63.48,0
40,Val Thorens,France,07-Aug,18,Wk 18 07/08 (Mar 29 - Apr 04),29/03/2008,04/04/2008,-1.3,-7.4,13.4,1.96,69.3,53.27,95,1
41,Val Thorens,France,07-Aug,19,Wk 19 07/08 (Apr 05 - Apr 11),05/04/2008,11/04/2008,-0.6,-8.7,22.3,1.91,62.4,55.97,68.84,0
42,Val Thorens,France,07-Aug,20,Wk 20 07/08 (Apr 12 - Apr 18),12/04/2008,18/04/2008,-1.9,-9.6,18,1.96,71,55.28,71.04,0
43,Val Thorens,France,07-Aug,21,Wk 21 07/08 (Apr 19 - Apr 25),19/04/2008,25/04/2008,1.5,-4.2,13.7,2,67.9,48.51,64.36,0
44,Val Thorens,France,07-Aug,22,Wk 22 07/08 (Apr 26 - May 02),26/04/2008,02/05/2008,3.6,-4,7.5,1.76,55.4,43.99,54.84,0
45,Val Thorens,France,08-Sep,1,Wk 1 08/09 (Dec 01 - Dec 07),01/12/2008,07/12/2008,-8.1,-14.3,39.8,1.26,34.9,58.99,95.36,2
46,Val Thorens,France,08-Sep,2,Wk 2 08/09 (Dec 08 - Dec 14),08/12/2008,14/12/2008,-9,-14.2,24.5,1.45,34.1,52.14,89.6,1
47,Val Thorens,France,08-Sep,3,Wk 3 08/09 (Dec 15 - Dec 21),15/12/2008,21/12/2008,-5.3,-10.1,30.2,1.6,30.7,57.63,95,1
48,Val Thorens,France,08-Sep,4,Wk 4 08/09 (Dec 22 - Dec 28),22/12/2008,28/12/2008,-6.5,-11.8,2.8,1.4,53.3,41.43,45.36,0
49,Val Thorens,France,08-Sep,5,Wk 5 08/09 (Dec 29 - Jan 04),29/12/2008,04/01/2009,-8.6,-15,7.8,1.42,51.4,43.13,53.6,0
50,Val Thorens,France,08-Sep,6,Wk 6 08/09 (Jan 05 - Jan 11),05/01/2009,11/01/2009,-9.3,-15.3,9.9,1.51,43.9,45.5,55.24,0